#frequency,iteration,mesh size,matrix size,converged,final error,elapsed time (s),modal impedance calculation,mode count,alpha[1] db/m,beta[1]/ko,alpha[2] db/m,beta[2]/ko,alpha[3] db/m,beta[3]/ko,alpha[4] db/m,beta[4]/ko,alpha[5] db/m,beta[5]/ko,
12000000000,3,227,13150,1,4.74962529511097e-12,51.65778274,1,5,5.06234986345781e-11,1.12289737254285,-6.63816206883122e-11,0.301072035035741,799.109867943586,6.24809017327139e-14,1548.02428476498,-1.63522753444445e-12,1581.17026787247,1.2513649587073e-12,
12500000000,3,219,12694,1,5.54585424276669e-11,59.514466271,1,5,-8.41809206104473e-11,1.14578388659125,1.20877039499344e-10,0.484060430406368,4.00632368998297e-10,0.151085068788121,1320.35027637773,7.50698679049576e-12,1328.15364730402,-6.72546497492606e-12,
