#frequency,iteration,mesh size,matrix size,converged,final error,elapsed time (s),modal impedance calculation,mode count,alpha[1] db/m,beta[1]/ko,alpha[2] db/m,beta[2]/ko,alpha[3] db/m,beta[3]/ko,alpha[4] db/m,beta[4]/ko,alpha[5] db/m,beta[5]/ko,
9000000000,1,552,8473,0,-1,7.961193805,1,5,3.18787788785711e-10,0.920869389188881,1818.86672932234,5.12448881003711e-14,2111.77900830597,1.0750510050011e-14,2430.55381600664,6.65590554445499e-13,2514.18643352474,-7.34288068757355e-13,
10000000000,1,552,8473,0,-1,0.643984459,1,5,5.4800255275956e-13,1.00607466933288,1493.39420745808,4.28015078402183e-15,1822.06195194915,-3.51146599664685e-15,2191.1784849668,1.62043464913051e-14,2276.27603629016,-1.05715089070415e-14,
