#frequency,iteration,mesh size,matrix size,converged,final error,elapsed time (s),modal impedance calculation,mode count,alpha[1] db/m,beta[1]/ko,alpha[2] db/m,beta[2]/ko,alpha[3] db/m,beta[3]/ko,alpha[4] db/m,beta[4]/ko,alpha[5] db/m,beta[5]/ko,
9000000000,1,552,8473,0,-1,13.623357427,1,5,-6.86531642424541e-10,0.920869389174722,1818.86672932128,7.66106289002458e-14,2111.77900830862,-8.79799095858311e-14,2430.55381600815,-4.80141895173138e-13,2514.18643352555,5.96123408852337e-14,
10000000000,1,552,8473,0,-1,1.232739369,1,5,-2.1229859550272e-12,1.00607466933288,1493.3942074581,2.03990688331408e-15,1822.06195194913,9.8833202459819e-16,2191.17848496671,-3.71014631103458e-15,2276.27603629022,-1.50187276043282e-15,
