#frequency,mode,x,y,Ex_re,Ex_im,Ey_re,Ey_im,Ez_re,Ez_im,Hx_re,Hx_im,Hy_re,Hy_im,Hz_re,Hz_im
4e+10,1,0.00125,0.000125,-0.00027625950835845,6.12814571217125e-08,1,-0,1.64508361038243e-05,0.00890688702254988,-0.00668537750255745,8.41114325696254e-06,-2.40867571377762e-06,2.12512802149749e-09,-4.0701186610028e-09,-1.38978762712985e-06
