#frequency,iteration,mesh size,matrix size,converged,final error,elapsed time (s),modal impedance calculation,mode count,alpha[1] db/m,beta[1]/ko,alpha[2] db/m,beta[2]/ko,alpha[3] db/m,beta[3]/ko,alpha[4] db/m,beta[4]/ko,alpha[5] db/m,beta[5]/ko,
9000000000,1,138,8059,0,-1,21.457965396,1,5,-2.03986505047643e-09,0.920869389205846,1818.86672506471,-1.28944807328902e-12,2111.77900608061,1.06177124093638e-13,2430.55380284327,2.4655205867447e-12,2514.18643012371,-5.89886129169513e-13,
10000000000,1,138,8059,0,-1,2.677884412,1,5,-1.87995791162043e-11,1.00607466939119,1493.39420197206,-7.68268360166239e-16,1822.06194891797,-1.42825064097875e-16,2191.17846841771,9.13165983798434e-14,2276.27603348471,-2.18245922128499e-14,
