#frequency,iteration,mesh size,matrix size,converged,final error,elapsed time (s),modal impedance calculation,mode count,alpha[1] db/m,beta[1]/ko,alpha[2] db/m,beta[2]/ko,alpha[3] db/m,beta[3]/ko,alpha[4] db/m,beta[4]/ko,alpha[5] db/m,beta[5]/ko,
9000000000,1,138,8059,0,-1,10.834470111,1,5,-2.16501342682217e-09,0.920869389218008,1818.86672506193,1.11686742371625e-12,2111.77900607631,-2.29228619682611e-13,2430.5538028457,-9.8655286845342e-13,2514.18643012084,-1.27984059546423e-12,
10000000000,1,138,8059,0,-1,1.300225219,1,5,-6.93873199934518e-12,1.00607466939119,1493.39420197207,-1.08184467093493e-14,1822.06194891788,-8.48904408688822e-15,2191.17846841774,-2.07020029059361e-13,2276.27603348481,7.92860479830563e-14,
