#frequency,iteration,mesh size,matrix size,converged,final error,elapsed time (s),modal impedance calculation,mode count,alpha[1] db/m,beta[1]/ko,alpha[2] db/m,beta[2]/ko,alpha[3] db/m,beta[3]/ko,alpha[4] db/m,beta[4]/ko,real(Z[1;1]),imag(Z[1;1]),
9000000000,2,98,2637,1,3.22014548679078e-09,2.361318123,1,4,3.51794671538542e-13,0.685407962562026,2439.74821885439,-2.92552969642259e-16,2439.74822030429,-5.53002332271728e-14,3184.01216936075,8.37841431263367e-17,977.144748700052,3.14002623227405e-13,
10000000000,2,98,2637,1,3.43346665793208e-09,2.405716373,1,4,-5.54024935538716e-13,0.755406579840421,2307.02007800272,7.53491417246603e-16,2307.02007953607,-1.47080505237716e-14,3083.48889466814,-2.98600566105044e-16,886.599096709247,-3.64970670651356e-13,
