#frequency,iteration,mesh size,matrix size,converged,final error,elapsed time (s),modal impedance calculation,mode count,alpha[1] db/m,beta[1]/ko,alpha[2] db/m,beta[2]/ko,alpha[3] db/m,beta[3]/ko,alpha[4] db/m,beta[4]/ko,real(Z[1;1]),imag(Z[1;1]),
9000000000,2,98,2637,1,3.22013912903802e-09,1.184874364,1,4,-5.44993365488503e-12,0.685407962561998,2439.74821885443,-1.49039841828155e-15,2439.74822030432,-1.13651650337436e-14,3184.01216936074,-2.38226683292379e-16,977.144748700169,-4.70088515100513e-12,
10000000000,2,98,2637,1,3.43347434380761e-09,1.321324597,1,4,-1.19393824292036e-13,0.755406579840404,2307.02007800276,-1.27285845825137e-15,2307.02007953598,1.72859786186889e-14,3083.48889466814,2.473874012285e-16,886.599096709252,-7.59353114465005e-14,
