#frequency,mode,x,y,Ex_re,Ex_im,Ey_re,Ey_im,Ez_re,Ez_im,Hx_re,Hx_im,Hy_re,Hy_im,Hz_re,Hz_im
4e+10,1,0.00125,0.000125,-9.51196129094605e-05,5.13258281987373e-08,1,-0,1.7333691541546e-05,0.00933441625109854,-0.00667597099763095,8.38945320531963e-06,-7.55196376971206e-07,6.17387362037562e-10,-1.96753411888321e-09,-6.09724067172731e-07
