#frequency,iteration,mesh size,matrix size,converged,final error,elapsed time (s),modal impedance calculation,mode count,alpha[1] db/m,beta[1]/ko,real(Z[1;1]),imag(Z[1;1]),
9000000000,16,143,3803,1,4.89876894832174e-07,4.194779403,1,1,0.120525528479465,0.685407962557107,488.57175267821,-8.21629572857777e-14,
10000000000,16,143,3803,1,3.91795717339822e-07,4.221854596,1,1,0.108254420657751,0.755406579836787,443.298984288041,5.53778272692462e-14,
