#frequency,iteration,mesh size,matrix size,converged,final error,elapsed time (s),modal impedance calculation,mode count,alpha[1] db/m,beta[1]/ko,real(Z[1;1]),imag(Z[1;1]),
9000000000,16,143,3803,1,4.89880419781328e-07,2.12622173,1,1,0.120525528479791,0.685407962557111,488.571752678214,7.84622230215205e-14,
10000000000,16,143,3803,1,3.91796555803656e-07,2.166807922,1,1,0.108254420657511,0.755406579836787,443.298984288043,-4.43672576391394e-15,
