#frequency,iteration,mesh size,matrix size,converged,final error,elapsed time (s),modal impedance calculation,mode count,alpha[1] db/m,beta[1]/ko,real(Z[1;1]),imag(Z[1;1]),
10000000,1,1821,13021,0,-1,0.455029585,1,1,2.35247372217765e-16,1.5033368253894,51.6717750778199,4.70391449421974e-15,
100000000,1,1821,13021,0,-1,0.485815066,1,1,-3.32873390799377e-15,1.50332971065322,51.6719249196925,-4.91927124921031e-15,
1000000000,1,1821,13021,0,-1,0.450278796,1,1,6.6937602604658e-14,1.50332963856384,51.6719264884697,1.22260315247101e-14,
10000000000,3,1821,13021,1,2.96250829889286e-06,9.849244181,1,1,2.82163900157324e-13,1.50332963784455,51.6719265023649,4.64986946208151e-15,
