#frequency,iteration,mesh size,matrix size,converged,final error,elapsed time (s),modal impedance calculation,mode count,alpha[1] db/m,beta[1]/ko,real(Z[1;1]),imag(Z[1;1]),
10000000,1,1859,13295,0,-1,0.912031496,1,1,-4.16553596335844e-16,1.50333436203016,51.6818405258257,-7.66734395638461e-15,
100000000,1,1859,13295,0,-1,0.87641404,1,1,4.21742169979527e-15,1.50332968943879,51.6817606548471,6.63802346396681e-15,
1000000000,1,1859,13295,0,-1,0.872176647,1,1,-1.11071768819234e-14,1.50332963835124,51.6817599254349,-1.72765533908995e-15,
10000000000,3,1859,13295,1,2.8716163658778e-06,17.441528253,1,1,-5.25682406410325e-14,1.50332963784242,51.6817599183193,-1.21363039723147e-15,
