#frequency,iteration,mesh size,matrix size,converged,final error,elapsed time (s),modal impedance calculation,mode count,alpha[1] db/m,beta[1]/ko,alpha[2] db/m,beta[2]/ko,alpha[3] db/m,beta[3]/ko,alpha[4] db/m,beta[4]/ko,alpha[5] db/m,beta[5]/ko,real(Z[1;1]),imag(Z[1;1]),
9000000000,2,298,7877,1,1.13917333443114e-10,3.833009749,1,5,1.18986036980272e-12,0.685407962562045,1735.96442973143,2.14062917272088e-16,2127.79209271905,5.88768301341779e-16,2439.7482185561,4.86073941463593e-16,2439.74821999748,4.34141700359566e-14,488.572321335274,5.39126473729338e-13,
10000000000,10,298,7877,0,-1,10.303374516,1,5,-1.5807486759979e-12,0.755406579840395,1543.872653491,3.14701351995525e-16,1974.20096716171,2.88724296193937e-15,2307.02007768725,-4.0053807427703e-16,2307.02007921143,1.90475884558954e-14,443.2995002524,-5.04088531171777e-13,
