#frequency,iteration,mesh size,matrix size,converged,final error,elapsed time (s),modal impedance calculation,mode count,alpha[1] db/m,beta[1]/ko,alpha[2] db/m,beta[2]/ko,alpha[3] db/m,beta[3]/ko,alpha[4] db/m,beta[4]/ko,alpha[5] db/m,beta[5]/ko,real(Z[1;1]),imag(Z[1;1]),
9000000000,2,298,7877,1,1.13875524324677e-10,1.886650952,1,5,1.35263599500933e-12,0.685407962562029,1735.96442973145,7.35889282622649e-16,2127.79209271906,5.61670134925939e-17,2439.74821855608,-1.99957472157063e-16,2439.74821999749,-1.58466802165125e-14,488.572321335278,5.95300239995529e-13,
10000000000,10,298,7877,0,-1,5.010251298,1,5,1.10287624287902e-12,0.75540657984041,1543.87265349099,1.81030778798409e-15,1974.20096716171,2.05984849510707e-16,2307.02007768725,-3.09748124328115e-16,2307.02007921143,-7.3005548972378e-15,443.299500252359,3.60909678041255e-13,
