#frequency,iteration,mesh size,matrix size,converged,final error,elapsed time (s),modal impedance calculation,mode count,alpha[1] db/m,beta[1]/ko,real(Z[1;1]),imag(Z[1;1]),
10000000,1,1762,12571,0,-1,0.442484389,1,1,-2.70809869374281e-18,1.50328924220917,412.952203572826,8.25789092279212e-16,
100000000,1,1762,12571,0,-1,0.457367569,1,1,1.05738621874188e-16,1.50332921949951,412.941240337454,1.57771728750627e-15,
1000000000,1,1762,12571,0,-1,0.444758518,1,1,-5.85740685364464e-15,1.50332963368369,412.941126750563,-1.06417594399222e-14,
10000000000,3,1762,12571,1,5.42516137198372e-08,12.636878085,1,1,-6.06758294271824e-12,1.50332963780007,412.941125621537,-9.16887315976862e-13,
