#frequency,iteration,mesh size,matrix size,converged,final error,elapsed time (s),modal impedance calculation,mode count,alpha[1] db/m,beta[1]/ko,real(Z[1;1]),imag(Z[1;1]),
10000000,1,1650,11771,0,-1,0.740239267,1,1,6.8044744533757e-16,1.50330766935786,412.947355008943,1.07978596645664e-13,
100000000,1,1650,11771,0,-1,0.741588895,1,1,-3.18658829344963e-15,1.50332936711122,412.941403126373,-3.23611253046632e-14,
1000000000,1,1650,11771,0,-1,0.75848519,1,1,5.09839854433335e-16,1.50332963533538,412.941329531518,6.42214018716844e-15,
10000000000,3,1650,11771,1,5.14186249788175e-07,25.243105934,1,1,8.3388377007985e-12,1.50332963781871,412.941328850232,1.2569366234379e-12,
