#frequency,iteration,mesh size,matrix size,converged,final error,elapsed time (s),modal impedance calculation,mode count,alpha[1] db/m,beta[1]/ko,alpha[2] db/m,beta[2]/ko,real(Z[1;1]),imag(Z[1;1]),real(Z[1;2]),imag(Z[1;2]),real(Z[2;1]),imag(Z[2;1]),real(Z[2;2]),imag(Z[2;2]),
52000000000,22,3252,131179,1,0.000684628297377083,160.219984219,0,2,6.07817457681695e-11,2.98157158219688,-5.24875268389104e-11,2.90852816074959,55.2544158627342,5.03854656810941e-12,0.000916761123047394,1.01493864493967e-11,0.000916761123043841,1.01493864493967e-11,48.4593022579412,-1.33914667810566e-11,
