#frequency,iteration,mesh size,matrix size,converged,final error,elapsed time (s),modal impedance calculation,mode count,alpha[1] db/m,beta[1]/ko,alpha[2] db/m,beta[2]/ko,real(Z[1;1]),imag(Z[1;1]),real(Z[1;2]),imag(Z[1;2]),real(Z[2;1]),imag(Z[2;1]),real(Z[2;2]),imag(Z[2;2]),
52000000000,22,3252,131179,1,0.000684628295800385,332.012653,0,2,1.19971930735934e-12,2.98157158219565,8.1458988199705e-11,2.90852816074809,55.2544158629271,1.0170556190245e-11,0.000916760915565362,-4.65044102813696e-12,0.000916760915590231,-4.65044102813696e-12,48.4593022580776,1.63079208559049e-11,
