#frequency,iteration,mesh size,matrix size,converged,final error,elapsed time (s),modal impedance calculation,mode count,alpha[1] db/m,beta[1]/ko,real(Z[1;1]),imag(Z[1;1]),
20000000000,1,11443,459995,0,-1,113.890066119,1,1,56.5887361711627,1.92836015953762,49.6363013443519,0.234628549832787,
40000000000,42,11443,459995,1,0.000183405961733786,1262.741488265,1,1,108.42843861,1.9283670227853,49.6465156866058,0.234667529572781,
