#frequency,iteration,mesh size,matrix size,converged,final error,elapsed time (s),modal impedance calculation,mode count,alpha[1] db/m,beta[1]/ko,real(Z[1;1]),imag(Z[1;1]),
20000000000,1,9552,384190,0,-1,179.614817182,1,1,56.4796912403331,1.92836016112369,49.655973299706,0.23472153660785,
40000000000,41,9552,384190,1,1.09459342012869e-05,2482.10536629,1,1,108.231746912746,1.92836702395146,49.666202809395,0.234760584457516,
