#frequency,iteration,mesh size,matrix size,converged,final error,elapsed time (s),modal impedance calculation,mode count,alpha[1] db/m,beta[1]/ko,alpha[2] db/m,beta[2]/ko,alpha[3] db/m,beta[3]/ko,alpha[4] db/m,beta[4]/ko,alpha[5] db/m,beta[5]/ko,real(Z[1;1]),imag(Z[1;1]),
9000000000,1,256,3937,0,-1,6.827871117,1,5,-2.03149706095881e-10,0.685407960202656,1735.96485033344,-3.64521038280207e-13,2127.79209952876,-1.47581336036601e-13,2439.74817479972,-6.10565332991655e-14,2439.74827608185,-4.75821626859676e-13,488.570401483654,-9.0150113954592e-11,
10000000000,1,256,3937,0,-1,0.675288737,1,5,1.15355888342231e-12,0.755406578096778,1543.87312642428,4.99452197273235e-16,1974.20097450028,-1.16978500881468e-16,2307.02003141283,-2.20645471386027e-15,2307.02013852217,8.1035231730757e-16,443.297757798214,3.67635559571614e-13,
