#frequency,iteration,mesh size,matrix size,converged,final error,elapsed time (s),modal impedance calculation,mode count,alpha[1] db/m,beta[1]/ko,alpha[2] db/m,beta[2]/ko,alpha[3] db/m,beta[3]/ko,alpha[4] db/m,beta[4]/ko,alpha[5] db/m,beta[5]/ko,real(Z[1;1]),imag(Z[1;1]),
9000000000,1,256,3937,0,-1,3.167454664,1,5,-4.20541722060599e-10,0.685407960184098,1735.9648503331,-2.70067130112522e-14,2127.79209952757,-7.87220753567341e-14,2439.74817479875,-2.48729228552708e-13,2439.74827608187,1.85498921245999e-13,488.570401496958,-1.87308532985428e-10,
10000000000,1,256,3937,0,-1,0.346124912,1,5,-8.27363135714282e-14,0.755406578096786,1543.87312642425,9.11770344501412e-16,1974.20097450022,-6.07452734005865e-16,2307.02003141279,1.55930931392362e-15,2307.02013852209,-5.18213789052808e-14,443.297757798209,-2.65593000837266e-14,
