#frequency,iteration,mesh size,matrix size,converged,final error,elapsed time (s),modal impedance calculation,mode count,alpha[1] db/m,beta[1]/ko,alpha[2] db/m,beta[2]/ko,alpha[3] db/m,beta[3]/ko,alpha[4] db/m,beta[4]/ko,alpha[5] db/m,beta[5]/ko,real(Z[1;1]),imag(Z[1;1]),
9000000000,1,4,253,0,-1,0.463490091,1,5,-3.42108699072154e-11,0.685407962690822,1736.0442768884,4.75540820287079e-14,2127.79208579023,5.03456695930822e-14,2439.74776530065,2.76233998342648e-14,2439.74856624632,2.19212452913989e-16,488.591088300531,-1.2475674109509e-11,
10000000000,1,4,253,0,-1,0.393631467,1,5,4.24555831715113e-11,0.755406579935097,1543.96243484785,3.22626046171109e-14,1974.20095969379,-6.81451679476374e-15,2307.01959835496,1.42471680113289e-14,2307.02044538093,-3.79709685211563e-15,443.316528232685,1.54559679287746e-11,
