#frequency,iteration,mesh size,matrix size,converged,final error,elapsed time (s),modal impedance calculation,mode count,alpha[1] db/m,beta[1]/ko,alpha[2] db/m,beta[2]/ko,real(Z[1;1]),imag(Z[1;1]),real(Z[1;2]),imag(Z[1;2]),real(Z[2;1]),imag(Z[2;1]),real(Z[2;2]),imag(Z[2;2]),
52000000000,27,5650,147875,1,0.000169125585921444,162.832427147,0,2,-4.51225918799715e-12,2.9477910237104,-1.41518586653435e-10,2.94782448516289,52.1376299751813,-1.51086327904205e-08,0.00648033211182764,-1.24450614413266e-07,0.00648033211182764,-1.24450614413266e-07,52.1517711232494,-2.63838207660414e-07,
