#frequency,iteration,mesh size,matrix size,converged,final error,elapsed time (s),modal impedance calculation,mode count,alpha[1] db/m,beta[1]/ko,alpha[2] db/m,beta[2]/ko,real(Z[1;1]),imag(Z[1;1]),real(Z[1;2]),imag(Z[1;2]),real(Z[2;1]),imag(Z[2;1]),real(Z[2;2]),imag(Z[2;2]),
52000000000,27,5650,147875,1,0.000169125585677555,330.08858014,0,2,-9.87106006685059e-11,2.94779102371035,-1.55710739373992e-10,2.9478244851629,52.1376299752061,3.66778164664215e-08,0.00648034015222976,-1.59629328196331e-07,0.00648034015223331,-1.59629328196331e-07,52.1517711232307,-2.82378884493471e-07,
