#frequency,iteration,mesh size,matrix size,converged,final error,elapsed time (s),modal impedance calculation,mode count,alpha[1] db/m,beta[1]/ko,alpha[2] db/m,beta[2]/ko,alpha[3] db/m,beta[3]/ko,alpha[4] db/m,beta[4]/ko,alpha[5] db/m,beta[5]/ko,
9000000000,1,138,5681,0,-1,21.952884285,1,5,-1.09286060481289e-10,0.920869389227098,1818.86672506252,-2.24901381607949e-14,2111.77900607682,-1.60981147728693e-13,2430.55380284198,4.96862484365724e-13,2514.18643012816,-7.53213823768974e-13,
10000000000,1,138,5681,0,-1,1.591612539,1,5,1.56427582336954e-12,1.00607466939119,1493.39420197304,-7.81795349291152e-16,1822.06194891814,5.1234471126828e-16,2191.1784684194,-5.69154608473046e-16,2276.27603348577,8.33815706390271e-16,
