#frequency,iteration,mesh size,matrix size,converged,final error,elapsed time (s),modal impedance calculation,mode count,alpha[1] db/m,beta[1]/ko,alpha[2] db/m,beta[2]/ko,alpha[3] db/m,beta[3]/ko,alpha[4] db/m,beta[4]/ko,alpha[5] db/m,beta[5]/ko,
9000000000,1,138,5681,0,-1,4.816849345,1,5,2.51921672978993e-10,0.920869389214777,1818.86672506256,1.53175279792587e-13,2111.77900607902,-1.97332816998279e-13,2430.5538028418,-6.85612690722189e-13,2514.18643012919,5.90154408577543e-13,
10000000000,1,138,5681,0,-1,0.875048309,1,5,-8.96639581407279e-13,1.0060746693912,1493.39420197305,8.33427764894144e-16,1822.06194891821,9.99631636982118e-16,2191.17846841925,-4.10734840266982e-15,2276.27603348596,2.64939961353045e-15,
