#frequency,iteration,mesh size,matrix size,converged,final error,elapsed time (s),modal impedance calculation,mode count,alpha[1] db/m,beta[1]/ko,alpha[2] db/m,beta[2]/ko,alpha[3] db/m,beta[3]/ko,alpha[4] db/m,beta[4]/ko,alpha[5] db/m,beta[5]/ko,real(Z[1;1]),imag(Z[1;1]),
9000000000,19,927,14065,1,1.1399428238277e-09,9.412502815,1,5,-3.60942635299248e-12,0.68540796251921,1735.96443824918,2.2894863107368e-16,2127.79209465731,4.35157805026545e-17,2439.74822078876,2.66154859204606e-16,2439.74823297261,-7.37262041817462e-15,488.572407259892,-1.57338880513828e-12,
10000000000,19,892,13537,1,5.41631344488203e-09,9.23153292,1,5,-3.87964017215071e-13,0.755406579804855,1543.87266306731,-4.19652276950724e-16,1974.20096890574,1.22691742525704e-15,2307.02008049103,1.23405392612765e-15,2307.02009189133,-2.90957665183509e-14,443.299582015456,-1.16613063015357e-13,
