#frequency,iteration,mesh size,matrix size,converged,final error,elapsed time (s),modal impedance calculation,mode count,alpha[1] db/m,beta[1]/ko,alpha[2] db/m,beta[2]/ko,alpha[3] db/m,beta[3]/ko,alpha[4] db/m,beta[4]/ko,alpha[5] db/m,beta[5]/ko,real(Z[1;1]),imag(Z[1;1]),
9000000000,19,936,14197,1,1.40857043246844e-09,21.817728391,1,5,1.6102725774287e-12,0.68540796252115,1735.96443863284,-2.23415908018168e-16,2127.79209399717,-2.74418171508632e-16,2439.74822124235,1.66781055568426e-16,2439.74823149624,-1.94568775884897e-15,488.572393630609,6.99683766358189e-13,
10000000000,19,924,14017,1,1.4530081701784e-09,21.576290942,1,5,-1.62795267221861e-12,0.755406579810223,1543.87266348237,-2.4966297127462e-14,1974.20096952782,2.44174840578788e-15,2307.02008106875,1.32288646488526e-15,2307.02009184981,-6.33722644054896e-15,443.299580040669,-5.24561902794366e-13,
