#frequency,iteration,mesh size,matrix size,converged,final error,elapsed time (s),modal impedance calculation,mode count,alpha[1] db/m,beta[1]/ko,alpha[2] db/m,beta[2]/ko,alpha[3] db/m,beta[3]/ko,alpha[4] db/m,beta[4]/ko,alpha[5] db/m,beta[5]/ko,
9000000000,1,138,3717,0,-1,4.183433718,1,5,6.91595443827352e-11,0.920869389220673,1818.86672515291,7.69544472612334e-14,2111.77900628013,-2.31670557995157e-13,2430.55380466037,-9.00964133309385e-14,2514.18643032614,1.16208144242409e-14,
10000000000,1,138,3717,0,-1,0.751499696,1,5,6.56310834640959e-13,1.00607466938864,1493.39420211555,-2.71091637499873e-16,1822.06194917231,-2.59262120893446e-16,2191.17847077131,-1.46525488676771e-14,2276.2760335425,2.0956235441725e-15,
