#frequency,iteration,mesh size,matrix size,converged,final error,elapsed time (s),modal impedance calculation,mode count,alpha[1] db/m,beta[1]/ko,alpha[2] db/m,beta[2]/ko,alpha[3] db/m,beta[3]/ko,alpha[4] db/m,beta[4]/ko,alpha[5] db/m,beta[5]/ko,
9000000000,1,138,3717,0,-1,2.527260278,1,5,-2.90016670560787e-11,0.920869389229584,1818.86672515262,-2.9846948997029e-13,2111.77900627924,-6.96457716597847e-14,2430.55380465955,-4.32449480732885e-13,2514.18643032664,4.83922067662797e-13,
10000000000,1,138,3717,0,-1,0.396040511,1,5,6.7711447793399e-13,1.00607466938866,1493.39420211552,-1.27295917505659e-16,1822.06194917229,-1.30193513706002e-15,2191.17847077137,-1.55528042542044e-14,2276.27603354247,-4.10020652988115e-16,
