#frequency,iteration,mesh size,matrix size,converged,final error,elapsed time (s),modal impedance calculation,mode count,alpha[1] db/m,beta[1]/ko,real(Z[1;1]),imag(Z[1;1]),
52000000000,24,1546,40620,1,2.26623564359842e-06,43.016189436,1,1,3.47273778342845e-11,2.90862435590262,48.7269225279997,2.64640389661218e-14,
