#frequency,mode,x,y,Ex_re,Ex_im,Ey_re,Ey_im,Ez_re,Ez_im,Hx_re,Hx_im,Hy_re,Hy_im,Hz_re,Hz_im
4e+10,1,-0.001,0.0001,-0.628691118407608,0.00229123145449434,1,-0,0.00186859655278361,0.704634635463376,-0.0284775937491876,6.53701294079827e-05,0.00559943169525515,-6.8034042325623e-06,7.63984352905832e-05,0.0375012235989037
