#frequency,mode,x,y,Ex_re,Ex_im,Ey_re,Ey_im,Ez_re,Ez_im,Hx_re,Hx_im,Hy_re,Hy_im,Hz_re,Hz_im
4e+10,1,-0.001,0.0001,-0.627653158972074,0.00229053756494118,1,-0,0.00187008409237998,0.705036795530653,-0.0284697944627535,6.53658353971881e-05,0.00558894142283251,-6.77770395196299e-06,7.64925792621524e-05,0.0375314213962208
