#frequency,mode,x,y,Ex_re,Ex_im,Ey_re,Ey_im,Ez_re,Ez_im,Hx_re,Hx_im,Hy_re,Hy_im,Hz_re,Hz_im
4e+10,1,-0.001,0.0001,-0.627653158972704,0.00229053756506149,1,-0,0.00187008409242674,0.705036795531047,-0.0284697944627673,6.53658353986418e-05,0.00558894142283322,-6.77770395161697e-06,7.64925792661242e-05,0.0375314213962403
