#frequency,iteration,mesh size,matrix size,converged,final error,elapsed time (s),modal impedance calculation,mode count,alpha[1] db/m,beta[1]/ko,real(Z[1]),imag(Z[1]),real(V[1]),imag(V[1]),real(I[1]),imag(I[1]),real(Pz[1]),imag(Pz[1]),alpha[2] db/m,beta[2]/ko,real(Z[2]),imag(Z[2]),real(V[2]),imag(V[2]),real(I[2]),imag(I[2]),real(Pz[2]),imag(Pz[2]),alpha[3] db/m,beta[3]/ko,real(Z[3]),imag(Z[3]),real(V[3]),imag(V[3]),real(I[3]),imag(I[3]),real(Pz[3]),imag(Pz[3]),alpha[4] db/m,beta[4]/ko,real(Z[4]),imag(Z[4]),real(V[4]),imag(V[4]),real(I[4]),imag(I[4]),real(Pz[4]),imag(Pz[4]),alpha[5] db/m,beta[5]/ko,real(Z[5]),imag(Z[5]),real(V[5]),imag(V[5]),real(I[5]),imag(I[5]),real(Pz[5]),imag(Pz[5])
9000000000,1,1136,17191,0,-1,6.672895854,1,5,3.60327512437425e-12,1.54515250258119,NA,NA,NA,NA,NA,NA,0.0434208704668311,-1.31543778336082e-16,-2.09518856543747e-11,0.554115981795344,NA,NA,NA,NA,NA,NA,0.0151410634720477,2.26723750641339e-16,1511.11285832587,1.87951940107842e-16,NA,NA,NA,NA,NA,NA,4.33665122518906e-18,0.0209885754174739,1823.20893936618,-6.50304869403878e-14,NA,NA,NA,NA,NA,NA,-8.61212800585906e-16,-0.0117563341878791,2035.92367080907,2.09502084649476e-14,NA,NA,NA,NA,NA,NA,-1.86883275427699e-16,0.00825144665674094
10000000000,12,1136,17191,1,2.50530545424932e-08,47.586534057,1,5,-4.61932729045202e-12,1.64783101367667,NA,NA,NA,NA,NA,NA,0.0403181967137983,-5.02896197290038e-17,1.18506913745561e-11,1.01497839787451,NA,NA,NA,NA,NA,NA,0.0233017843098042,-2.06615980187837e-18,655.569200439315,-3.47825294345775e-15,NA,NA,NA,NA,NA,NA,-8.06399597650337e-17,0.00767348029076305,1454.64885785541,2.68082208099735e-13,NA,NA,NA,NA,NA,NA,2.83865041342298e-16,-0.0019614808304245,1513.70224242364,-2.11454623630756e-13,NA,NA,NA,NA,NA,NA,1.78084463207191e-16,0.00175653799184589
