#frequency,mode,x,y,Ex_re,Ex_im,Ey_re,Ey_im,Ez_re,Ez_im,Hx_re,Hx_im,Hy_re,Hy_im,Hz_re,Hz_im
4e+10,1,0.00125,0.000125,-6.55486772321851e-05,2.738048305448e-08,1,0,1.71844639260785e-05,0.00926642732632329,-0.00667719734258991,8.3928048723144e-06,-7.2670577204014e-07,6.26066183321749e-10,-1.34606013491605e-09,-4.34265922715234e-07
