#frequency,iteration,mesh size,matrix size,converged,final error,elapsed time (s),modal impedance calculation,mode count,alpha[1] db/m,beta[1]/ko,real(Z[1;1]),imag(Z[1;1]),
40000000000,9,403,10706,1,0.000523677870696107,9.321226627,0,1,22.703641499454,2.49143049710852,58.0214334069227,-0.0786732566518879,
