#frequency,mode,x,y,Ex_re,Ex_im,Ey_re,Ey_im,Ez_re,Ez_im,Hx_re,Hx_im,Hy_re,Hy_im,Hz_re,Hz_im
4e+10,1,0.00125,0.000125,-6.55486775121535e-05,2.73804600436298e-08,1,0,1.71844639260187e-05,0.00926642732630796,-0.0066771973425898,8.39280487220665e-06,-7.26705771943497e-07,6.26066158121255e-10,-1.34606022974131e-09,-4.34265926537388e-07
