#frequency,iteration,mesh size,matrix size,converged,final error,elapsed time (s),modal impedance calculation,mode count,alpha[1] db/m,beta[1]/ko,real(Z[1;1]),imag(Z[1;1]),
10000000,1,1627,11604,0,-1,0.411597461,1,1,-6.3541779415918e-15,1.50330893441609,412.946134766422,-9.55125648704571e-13,
100000000,1,1627,11604,0,-1,0.413030504,1,1,1.21817382102445e-15,1.50332938096144,412.940528085876,5.87920072981837e-15,
1000000000,1,1627,11604,0,-1,0.411933864,1,1,-4.82840927409371e-14,1.50332963563034,412.940458234091,-7.58434851208456e-14,
10000000000,3,1627,11604,1,1.67839505095091e-06,10.291429284,1,1,4.71776208633474e-13,1.50332963781351,412.940457635466,7.57148091960099e-14,
