#frequency,iteration,mesh size,matrix size,converged,final error,elapsed time (s),modal impedance calculation,mode count,alpha[1] db/m,beta[1]/ko,real(Z[1;1]),imag(Z[1;1]),
10000000,1,1673,11946,0,-1,0.778467442,1,1,-4.09927564659721e-15,1.50329043368905,412.951800860166,-6.18921029410942e-13,
100000000,1,1673,11946,0,-1,0.77235686,1,1,-2.54698971213982e-14,1.50332922960347,412.941153645898,-3.87801606270267e-13,
1000000000,1,1673,11946,0,-1,0.744778801,1,1,-8.07684086988791e-15,1.50332963387245,412.941042690111,1.23223209295663e-14,
10000000000,3,1673,11946,1,2.35838786345002e-06,21.329210569,1,1,-6.48466159601651e-11,1.50332963780038,412.941041611798,-9.78214409181245e-12,
