#frequency,iteration,mesh size,matrix size,converged,final error,elapsed time (s),modal impedance calculation,mode count,alpha[1] db/m,beta[1]/ko,alpha[2] db/m,beta[2]/ko,alpha[3] db/m,beta[3]/ko,alpha[4] db/m,beta[4]/ko,alpha[5] db/m,beta[5]/ko,real(Z[1;1]),imag(Z[1;1]),
9000000000,1,7994,56275,0,-1,9.869327938,1,5,-4.1839141847391e-12,0.685407961187094,1735.96455805066,-1.40875585335691e-15,2127.7920644968,7.85842640186594e-14,2439.74816674369,-1.35482483209242e-15,2439.7484103063,-5.90839057298943e-13,488.57615872192,-1.81831527455379e-12,
10000000000,14,7994,56275,1,4.16387929290165e-08,142.039859018,1,5,-2.74132160727524e-13,0.755406578829868,1543.87279777602,-8.61571804869744e-16,1974.20093674367,-6.92256215678294e-16,2307.02002289374,9.31611235950597e-16,2307.02028047034,-4.35579229475695e-14,443.302981757134,-9.61069591691469e-14,
