#frequency,iteration,mesh size,matrix size,converged,final error,elapsed time (s),modal impedance calculation,mode count,alpha[1] db/m,beta[1]/ko,alpha[2] db/m,beta[2]/ko,alpha[3] db/m,beta[3]/ko,alpha[4] db/m,beta[4]/ko,alpha[5] db/m,beta[5]/ko,real(Z[1;1]),imag(Z[1;1]),
9000000000,1,6180,43541,0,-1,3.273941985,1,5,-3.10015905514808e-13,0.685407960487365,1735.96467251353,-3.10551537077952e-17,2127.79204888966,-9.36037374311692e-16,2439.74817380236,3.89486775938861e-15,2439.74847577469,5.94615052424284e-13,488.577293910349,-1.27245719713114e-13,
10000000000,13,6180,43541,1,3.34251879258334e-08,45.31109419,1,5,5.91442141647062e-13,0.755406578315681,1543.87292648044,-4.62363022754408e-15,1974.20091992237,-8.82370063045472e-16,2307.0200303586,1.99709328153887e-15,2307.02034970738,1.29842446825846e-13,443.30401160425,1.88590686392554e-13,
