#frequency,iteration,mesh size,matrix size,converged,final error,elapsed time (s),modal impedance calculation,mode count,alpha[1] db/m,beta[1]/ko,alpha[2] db/m,beta[2]/ko,alpha[3] db/m,beta[3]/ko,alpha[4] db/m,beta[4]/ko,alpha[5] db/m,beta[5]/ko,
9000000000,1,1950,29539,0,-1,2.80717895,1,5,-4.2140413727168e-12,0.920869389225939,1818.86672495312,5.97898381816845e-15,2111.77900643589,-2.93280648687357e-15,2430.55380486213,2.79081203677055e-14,2514.18643040203,1.54880404009501e-14,
10000000000,19,1950,29539,1,3.83727547427697e-10,21.987564034,1,5,-8.48716834426102e-13,1.00607466939222,1493.39420177295,-2.08710610316158e-16,1822.06194936749,1.90876497624584e-15,2191.17847086066,8.07759350697845e-14,2276.27603359905,-9.77405391903766e-15,
