#frequency,iteration,mesh size,matrix size,converged,final error,elapsed time (s),modal impedance calculation,mode count,alpha[1] db/m,beta[1]/ko,alpha[2] db/m,beta[2]/ko,alpha[3] db/m,beta[3]/ko,alpha[4] db/m,beta[4]/ko,alpha[5] db/m,beta[5]/ko,
9000000000,1,2283,34573,0,-1,5.796911304,1,5,-3.08813308727236e-12,0.920869389225133,1818.86672505538,-1.16800358399364e-15,2111.77900638443,-1.54722923815415e-16,2430.55380440793,5.93447938920249e-14,2514.1864302701,-1.47976618632059e-14,
10000000000,22,2283,34573,1,3.55406756568261e-10,57.805873813,1,5,2.99464835715057e-12,1.00607466939122,1493.39420194784,2.2419482753222e-14,1822.06194931266,3.16008142401625e-15,2191.17847034567,4.31312900090883e-15,2276.2760335007,4.83031876810211e-15,
