#frequency,iteration,mesh size,matrix size,converged,final error,elapsed time (s),modal impedance calculation,mode count,alpha[1] db/m,beta[1]/ko,alpha[2] db/m,beta[2]/ko,alpha[3] db/m,beta[3]/ko,alpha[4] db/m,beta[4]/ko,alpha[5] db/m,beta[5]/ko,real(Z[1;1]),imag(Z[1;1]),
9000000000,9,3506,7127,1,0.000177645367034843,7.921616479,1,5,1.95917058466039e-12,0.685359437725985,1736.47366222705,-7.99166805531951e-16,2127.01021613843,4.61966722728692e-16,2438.71185451849,9.61094313422881e-16,2442.41296680038,1.19161030755312e-13,489.036374093013,8.58115551113051e-13,
10000000000,8,3226,6559,1,0.000223024275835642,7.161124784,1,5,4.14285693018174e-12,0.755374142438978,1544.47153752932,2.52621532474374e-15,1973.1505059885,-1.1928451532311e-15,2305.81061135847,-1.14208871797224e-15,2310.15787963464,-8.94255234575678e-15,443.768767653969,1.33077778103215e-12,
