#frequency,iteration,mesh size,matrix size,converged,final error,elapsed time (s),modal impedance calculation,mode count,alpha[1] db/m,beta[1]/ko,alpha[2] db/m,beta[2]/ko,alpha[3] db/m,beta[3]/ko,alpha[4] db/m,beta[4]/ko,alpha[5] db/m,beta[5]/ko,real(Z[1;1]),imag(Z[1;1]),
9000000000,9,3545,7198,1,0.000211474368526216,27.98491406,1,5,3.7912603364258e-12,0.685362713631205,1736.43651184573,9.57200739047327e-16,2126.90368386967,-2.92934610617631e-15,2438.68074223358,5.59634379945351e-16,2442.55373183829,4.84464351877197e-14,489.107435072269,1.65414438830406e-12,
10000000000,8,3112,6325,1,0.000198496862554422,22.959163309,1,5,1.51327367712666e-12,0.755377613986856,1544.49361984023,-1.3481213779933e-16,1973.13839808374,-4.54724358654021e-15,2305.78394900198,5.69942301057533e-16,2310.30906029941,1.09034554780859e-14,443.78105500392,4.88444013660988e-13,
