#frequency,iteration,mesh size,matrix size,converged,final error,elapsed time (s),modal impedance calculation,mode count,alpha[1] db/m,beta[1]/ko,alpha[2] db/m,beta[2]/ko,alpha[3] db/m,beta[3]/ko,alpha[4] db/m,beta[4]/ko,alpha[5] db/m,beta[5]/ko,real(Z[1;1]),imag(Z[1;1]),
9000000000,4,54,2231,1,6.12092965932674e-07,1.029515175,1,5,-9.70397808129646e-14,0.685407962561481,1735.96443132701,2.06643157422954e-16,2127.79209348864,-1.261661034958e-15,2439.7482197842,-3.03872905325669e-17,2439.74822112723,-6.56999587882999e-15,488.5723633954,-2.838502708132e-14,
10000000000,4,79,3236,1,3.87472314155003e-07,1.307010849,1,5,-1.30319234076281e-12,0.755406579840327,1543.87265346288,-2.20205133606043e-15,1974.2009673351,-1.62343674225778e-15,2307.02007810185,6.86053992626758e-17,2307.02007826356,-1.11217963121666e-14,443.299542533602,-4.30017370895834e-13,
