#frequency,iteration,mesh size,matrix size,converged,final error,elapsed time (s),modal impedance calculation,mode count,alpha[1] db/m,beta[1]/ko,alpha[2] db/m,beta[2]/ko,alpha[3] db/m,beta[3]/ko,alpha[4] db/m,beta[4]/ko,alpha[5] db/m,beta[5]/ko,real(Z[1;1]),imag(Z[1;1]),
9000000000,4,79,3236,1,3.06465833189506e-07,3.00799058,1,5,7.36478314610285e-13,0.685407962561953,1735.96442970643,1.16195431280359e-16,2127.79209288001,4.64447387269368e-16,2439.74821894815,8.44586078365526e-16,2439.74821910094,1.11064958251288e-14,488.572367934544,3.30332684415181e-13,
10000000000,4,79,3236,1,3.87472331104587e-07,3.025367761,1,5,-8.00991672571865e-15,0.755406579840337,1543.87265346286,3.20520369714416e-16,1974.20096733512,1.18949202725175e-15,2307.02007810186,-7.59180685556095e-16,2307.02007826348,1.48776278901779e-14,443.299542533582,-1.84080355743758e-15,
