#frequency,iteration,mesh size,matrix size,converged,final error,elapsed time (s),modal impedance calculation,mode count,alpha[1] db/m,beta[1]/ko,alpha[2] db/m,beta[2]/ko,alpha[3] db/m,beta[3]/ko,alpha[4] db/m,beta[4]/ko,alpha[5] db/m,beta[5]/ko,real(Z[1;1]),imag(Z[1;1]),
9000000000,9,638,9697,1,4.1353660712953e-08,9.186318954,1,5,6.4870037696525e-13,0.685407962326987,1735.96446252312,1.91645938060712e-15,2127.79209843109,1.77682057189208e-15,2439.74822202296,-3.44338052435255e-15,2439.74824294252,-1.25488554432232e-14,488.572415580112,2.74377590373664e-13,
10000000000,8,1036,15709,1,2.42185931421456e-08,11.572688129,1,5,8.67955543395282e-12,0.755406579803556,1543.87265926159,7.20309593271408e-16,1974.20096850073,-4.10099248562382e-16,2307.02007994768,2.71649489185789e-15,2307.02008849908,-6.66423560841172e-14,443.299568707444,2.79623145611001e-12,
