#frequency,iteration,mesh size,matrix size,converged,final error,elapsed time (s),modal impedance calculation,mode count,alpha[1] db/m,beta[1]/ko,alpha[2] db/m,beta[2]/ko,alpha[3] db/m,beta[3]/ko,alpha[4] db/m,beta[4]/ko,alpha[5] db/m,beta[5]/ko,real(Z[1;1]),imag(Z[1;1]),
9000000000,8,643,9775,1,6.48776645507562e-08,3.612687189,1,5,1.85754942221723e-12,0.685407962323638,1735.96448539099,6.13067450559679e-16,2127.79209799838,3.5106426982318e-16,2439.74822358537,-1.1994141476185e-15,2439.74824145121,1.22045667807427e-14,488.572389400466,8.17071854917159e-13,
10000000000,8,1024,15529,1,2.35031801289988e-08,5.376526645,1,5,2.22126338955877e-13,0.755406579803656,1543.87265927042,-1.24222617733024e-15,1974.20096816953,-7.32413670372772e-16,2307.02007983559,-1.12920625644351e-16,2307.02008811741,1.42190164436517e-14,443.299568696321,6.56243647784341e-14,
